Countries,Country Code,1990,2000,2014,2015,2016,2017,2018,2019,2020,2021
Afghanistan,AFG,18.449,12.096,7.395,7.331,7.077,7.027,6.981,6.791,7.113,7.344
Albania,ALB,5.526,5.798,7.868,7.947,8.035,8.15,8.308,8.48,10.785,11.325
Algeria,DZA,5.731,5.037,4.555,4.437,4.472,4.542,4.482,4.392,5.398,4.546
American Samoa,ASM,..,..,4.2,..,..,5.1,..,..,5.6,..
Andorra,AND,..,..,..,..,4.3,..,4.4,3.9,..,..
Angola,AGO,21.993,18.287,9.181,8.826,8.555,8.242,7.99,7.811,7.821,8.009
Antigua and Barbuda,ATG,7.666,6.587,5.544,5.649,5.662,5.746,5.787,5.865,5.961,6.365
Argentina,ARG,7.743,7.6,7.447,7.543,7.947,7.692,7.68,7.6,8.509,8.955
Armenia,ARM,7.524,8.27,9.704,9.607,9.634,9.664,9.75,9.662,12.792,13.007
Aruba,ABW,7.1,6.335,7.729,7.968,8.336,8.414,8.597,8.778,9.69,11.235
Australia,AUS,7,6.7,6.6,6.6,6.6,6.5,6.3,6.7,6.3,6.7
Austria,AUT,10.8,9.6,9.2,9.6,9.2,9.5,9.5,9.4,10.3,10.3
Azerbaijan,AZE,6.1,5.8,5.8,5.7,5.8,5.8,5.8,5.6,7.5,7.6
"Bahamas, The",BHS,5.855,5.706,6.483,6.724,6.717,6.84,6.935,7.943,8.076,8.986
Bahrain,BHR,3.206,2.595,2.028,2.109,2.071,2.039,1.992,2,2.239,2.479
Bangladesh,BGD,11.725,6.855,5.891,5.776,5.632,5.442,5.241,5.28,5.816,5.68
Barbados,BRB,9.701,9.47,8.797,8.772,8.792,8.85,8.927,8.91,8.973,9.007
Belarus,BLR,10.8,13.5,12.8,12.6,12.6,12.6,12.7,12.8,16.553,16.544
Belgium,BEL,10.4,10.2,9.3,9.8,9.5,9.6,9.7,9.5,11,9.7
Belize,BLZ,5.555,5.858,4.584,4.7,4.695,4.712,4.74,4.727,5.244,6.353
Benin,BEN,14.75,11.964,9.996,9.857,9.761,9.592,9.428,9.248,9.364,9.434
Bermuda,BMU,7.3,8,7.8,7.7,7.7,7.5,8.3,8.4,8.8,11.3
Bhutan,BTN,11.543,8.368,6.705,6.759,6.837,6.94,6.766,6.626,6.545,6.477
Bolivia,BOL,11.925,9.826,7.262,7.216,7.104,7.107,7.124,7.127,9.3,9.945
Bosnia and Herzegovina,BIH,7.378,8.358,12.276,12.011,11.613,11.842,12.056,12.266,14.094,15.712
Botswana,BWA,7.986,13.128,7.927,7.435,6.783,6.308,6.922,6.974,6.95,9.461
Brazil,BRA,7.158,6.399,6.272,6.433,6.538,6.493,6.516,6.572,7.42,8.326
British Virgin Islands,VGB,4.952,4.953,5.553,5.62,5.718,6.143,5.988,6.156,6.38,7.613
Brunei Darussalam,BRN,3.87,3.331,4.162,4.29,4.42,4.556,4.7,4.834,4.975,5.211
Bulgaria,BGR,12.5,14.1,15.1,15.3,15.1,15.5,15.4,15.5,18,21.7
Burkina Faso,BFA,17.079,15.314,9.96,9.634,9.313,9.113,8.809,8.75,8.813,8.958
Burundi,BDI,19.067,15.907,8.798,8.553,8.18,7.772,7.648,7.352,7.562,7.474
Cabo Verde,CPV,8.315,5.844,5.401,5.695,5.198,4.868,5.275,5.162,5.692,6.028
Cambodia,KHM,12.246,9.273,5.756,5.81,5.779,5.775,5.874,5.947,6.228,6.838
Cameroon,CMR,13.09,13.426,9.548,9.179,8.886,8.594,8.379,8.16,8.419,8.582
Canada,CAN,7.3,7.1,7.3,7.4,7.4,7.5,7.7,7.6,8.1,7.8
Cayman Islands,CYM,4.1,3.4,2.9,2.9,3.1,3.4,3.3,3.9,3.3,4
Central African Republic,CAF,16.088,17.325,13.517,12.15,11.711,11.544,11.23,10.873,11.041,11.393
Chad,TCD,20.737,18.088,14.022,13.693,13.291,13.043,12.671,12.369,12.486,12.504
Channel Islands,CHI,9.907468652,8.932872696,8.066520831,8.477711326,8.612212239,8.812759132,8.717019712,8.547311257,8.473932431,8.449007719
Chile,CHL,5.625,4.959,6.12,6.121,6.107,6.139,6.327,6.346,7.221,7.426
China,CHN,6.67,6.45,7.12,7.07,7.04,7.06,7.08,7.09,7.07,7.18
Colombia,COL,5.834,5.351,5.106,5.168,5.213,5.249,5.311,5.411,6.606,7.735
Comoros,COM,12.806,10.51,8.865,8.685,8.516,8.326,8.235,8.203,8.274,8.718
"Congo, Dem. Rep.",COD,16.833,14.637,10.551,10.396,10.077,9.865,9.573,9.38,9.537,9.7
"Congo, Rep.",COG,11.146,12.204,7.358,7.196,7.02,6.924,6.797,7.388,6.923,7.063
Costa Rica,CRI,3.758,3.995,5.059,5.034,4.986,5.18,5.276,5.468,5.627,7.192
Cote d'Ivoire,CIV,13.882,14.291,9.847,9.543,9.374,9.17,8.961,8.728,8.817,9.001
Croatia,HRV,10.9,11.2,12,12.9,12.3,13,12.9,12.7,14.1,16.2
Cuba,CUB,6.841,7.244,8.833,9.063,9.348,9.622,9.815,9.861,10.23,14.652
Curacao,CUW,6.864,8.084,8.8,8.8,9.3,8.9,8.8,8.8,9.3,11.1
Cyprus,CYP,8.835,7.458,6.317,6.358,6.462,6.453,6.612,6.769,6.93,7.257
Czechia,CZE,12.5,10.6,10,10.5,10.2,10.5,10.6,10.5,12.1,13.3
Denmark,DNK,11.9,10.9,9.1,9.2,9.2,9.2,9.5,9.3,9.4,9.8
Djibouti,DJI,11.711,10.831,8.672,8.598,8.568,8.37,8.347,8.421,8.821,9.147
Dominica,DMA,9.915,9.141,12.401,10.93,10.714,11.455,8.417,8.369,8.177,8.986
Dominican Republic,DOM,6.078,6.169,5.827,5.883,5.964,6.032,6.06,6.006,6.46,6.678
Ecuador,ECU,5.678,5.007,4.752,4.773,4.86,4.872,4.911,4.913,7.534,6.719
"Egypt, Arab Rep.",EGY,8.194,6.384,5.823,5.823,5.662,5.482,5.511,5.581,5.851,6.327
El Salvador,SLV,7.812,5.876,7.168,7.07,6.925,6.857,6.938,7.451,8.442,8.661
Equatorial Guinea,GNQ,16.246,13.738,9.965,9.616,9.345,9.096,8.85,8.582,9.026,9.042
Eritrea,ERI,15.215,11.084,6.806,6.654,6.58,6.504,6.353,6.309,6.424,6.729
Estonia,EST,12.4,13.2,11.8,11.6,11.7,11.8,11.9,11.6,11.9,14
Eswatini,SWZ,7.155,14.521,12.193,11.202,10.45,9.936,9.324,8.923,9.603,11.356
Ethiopia,ETH,20.055,14.758,7.502,7.208,6.93,6.767,6.569,6.439,6.616,6.776
Faroe Islands,FRO,7.5,7.7,8.1,7.7,7.7,8.9,7.7,8,7,8.1
Fiji,FJI,6.159,6.457,7.584,8.05,7.885,7.703,7.832,7.941,8.078,8.859
Finland,FIN,10,9.5,9.6,9.6,9.8,9.8,9.9,9.8,10,10.4
France,FRA,9.3,8.9,8.4,8.9,8.9,9.1,9.1,9.1,9.9,9.7
French Polynesia,PYF,3.275,2.284,2.952,3.037,3.126,3.219,3.31,3.391,3.859,5.376
Gabon,GAB,11.437,10.002,7.659,7.418,7.238,7.054,6.986,6.856,6.909,7.258
"Gambia, The",GMB,16.102,11.841,7.916,7.74,7.454,7.396,7.323,6.999,7.373,7.543
Georgia,GEO,10.499,11.188,12.576,12.531,12.411,12.603,12.963,12.88,13.976,15.166
Germany,DEU,11.6,10.2,10.7,11.3,11.1,11.3,11.5,11.3,11.9,12.3
Ghana,GHA,11.492,9.922,7.817,7.773,7.46,7.39,7.373,7.143,7.448,7.627
Gibraltar,GIB,7.359,6.637,7.395,8.606,8.032,8.182,8.191,8.283,8.685,11.546
Greece,GRC,9.2,9.7,10.4,11.2,11,11.6,11.2,11.7,12.2,13.5
Greenland,GRL,8.4,8,8.2,8.4,8.7,8.9,8.7,9.8,9.2,9.4
Grenada,GRD,7.348,7.131,7.502,7.572,7.82,7.9,7.956,8.008,8.061,8.151
Guam,GUM,4.486,4.663,5.71,5.958,6.046,6.127,6.21,6.304,7.178,7.337
Guatemala,GTM,8.595,6.19,5.071,5.071,5.038,5.015,4.995,4.892,5.337,6.504
Guinea,GIN,19.494,14.804,10.856,10.702,10.352,10.121,9.94,9.712,9.847,9.99
Guinea-Bissau,GNB,20.568,15.956,9.549,9.223,8.898,8.642,8.401,8.206,8.574,8.716
Guyana,GUY,8.358,7.399,7.459,7.431,7.475,7.472,7.499,7.444,8.026,9.987
Haiti,HTI,14.029,10.341,8.243,8.181,8.161,8.014,7.998,7.953,8.176,8.676
Honduras,HND,7.044,5.141,4.16,4.147,4.183,4.221,4.257,4.315,4.945,5.608
"Hong Kong SAR, China",HKG,5.2,5.1,6.2,6.3,6.4,6.3,6.4,6.5,6.8,6.9
Hungary,HUN,14,13.3,12.8,13.4,13,13.5,13.4,13.3,14.5,16.1
Iceland,ISL,6.7,6.5,6.3,6.6,6.9,6.5,6.4,6.3,6.3,6.3
India,IND,10.691,8.701,6.79,6.67,6.603,6.593,6.644,6.71,7.35,9.448
Indonesia,IDN,8.111,7.383,7.43,7.46,7.529,7.579,7.496,7.539,8.964,10.065
"Iran, Islamic Rep.",IRN,7.176,5.15,4.905,4.842,4.726,4.692,4.715,4.872,5.567,6.437
Iraq,IRQ,10.565,6.172,5.16,4.961,5.13,4.637,4.282,4.301,5.239,4.753
Ireland,IRL,8.9,8.2,6.3,6.4,6.4,6.3,6.4,6.3,6.5,6.6
Isle of Man,IMN,14.76,12.885,9.781,10.905,9.979,10.023,10.054,10.09,10.414,10.604
Israel,ISR,6.8,6,5.2,5.3,5.2,5.2,5,5.1,5.3,5.4
Italy,ITA,9.6,9.8,9.8,10.7,10.1,10.7,10.5,10.6,12.5,12
Jamaica,JAM,6.861,6.894,6.238,6.653,6.971,7.145,7.318,7.477,7.583,8.797
Japan,JPN,6.7,7.7,10.1,10.3,10.5,10.8,11,11.2,11.1,11.7
Jordan,JOR,4.345,3.724,3.361,3.169,3.169,3.155,3.15,3.148,3.475,3.868
Kazakhstan,KAZ,7.87,10.06,7.65,7.46,7.37,7.15,7.14,7.19,8.6,9.61
Kenya,KEN,9.31,10.677,7.304,7.361,7.34,7.294,7.305,7.29,7.456,8.056
Kiribati,KIR,9.229,7.09,6.727,6.623,6.519,6.426,6.345,6.252,6.242,6.236
"Korea, Dem. People's Rep.",PRK,5.578,10.763,8.183,8.088,8.327,8.502,8.721,8.878,9.078,9.313
"Korea, Rep.",KOR,5.6,5.2,5.3,5.4,5.5,5.6,5.8,5.7,5.9,6.2
Kosovo,XKX,5.421,4.986,4.645,4.841,4.973,5.262,5.505,5.56,7.505,7.22
Kuwait,KWT,2.697,1.868,1.695,1.761,1.811,1.914,2.052,2.194,3.254,2.906
Kyrgyz Republic,KGZ,6.9,7,6.1,5.8,5.5,5.4,5.2,5.2,6.1,5.8
Lao PDR,LAO,13.548,10.256,7.465,7.513,7.135,6.91,6.755,6.505,6.366,6.613
Latvia,LVA,13.1,13.6,14.3,14.4,14.6,14.8,15,14.5,15.2,18.4
Lebanon,LBN,7.848,4.554,4.221,4.235,4.343,4.495,4.704,5.178,6.253,8.271
Lesotho,LSO,10.013,16.083,15.519,14.825,14.126,13.651,13.259,13.014,12.858,14.186
Liberia,LBR,25.501,15.228,9.799,9.715,9.059,8.954,8.793,8.658,8.753,8.838
Libya,LBY,4.663,4.686,5.43,5.427,5.48,5.284,5.245,5.454,5.598,6.018
Liechtenstein,LIE,6.8,7.3,7.2,6.7,7.2,6.6,7.2,6.8,8.2,6.9
Lithuania,LTU,10.8,11.1,13.7,14.4,14.3,14.2,14.1,13.7,15.6,17
Luxembourg,LUX,9.9,8.6,6.9,7,6.8,7.1,7.1,6.9,7.3,7
"Macao SAR, China",MAC,4.425,3.64,3.768,3.851,3.877,3.864,3.86,3.983,4.047,4.111
Madagascar,MDG,14.463,10.385,7.076,7.049,6.81,6.79,6.736,6.518,6.801,7.104
Malawi,MWI,22.087,19.559,8.376,8.005,7.541,7.149,6.955,6.611,6.706,6.983
Malaysia,MYS,4.656,4.584,4.981,5.096,5.109,5.132,5.175,5.253,5.311,6.034
Maldives,MDV,7.916,4.458,2.718,2.718,2.738,2.784,2.828,2.858,3.001,3.02
Mali,MLI,19.272,15.984,10.548,10.211,9.927,9.637,9.419,9.205,9.529,9.274
Malta,MLT,7.8,7.5,7.5,7.7,7.3,7.6,7.6,7.3,7.9,8
Marshall Islands,MHL,7.248,6.388,6.94,6.975,7.021,7.097,7.187,7.29,7.425,7.556
Mauritania,MRT,9.614,8.856,8.301,7.979,7.707,7.446,7.248,7.003,7.466,7.44
Mauritius,MUS,6.6,6.7,7.7,7.7,8.1,8,8.5,8.8,8.7,10.5
Mexico,MEX,5.777,4.997,5.805,6.007,6.305,6.615,6.856,6.931,9.33,9.406
"Micronesia, Fed. Sts.",FSM,5.794,4.953,4.844,5.008,5.073,5.265,5.472,5.728,6.065,6.211
Moldova,MDA,10.588,12.993,14.166,14.133,13.54,13.088,13.339,13.089,14.445,16.36
Monaco,MCO,..,..,..,7.6,7.9,..,6.6,..,..,..
Mongolia,MNG,10.48,7.359,6.276,6.158,6.075,5.994,5.663,5.499,5.475,6.131
Montenegro,MNE,6.772,9,9.7,10.2,10.4,10.5,10.5,10.6,11.7,14.8
Morocco,MAR,7.706,6.432,5.741,5.705,5.674,5.642,5.637,5.658,6.073,6.17
Mozambique,MOZ,20.036,15.677,10.005,9.506,9.049,8.69,8.337,8.04,8.004,8.793
Myanmar,MMR,11.489,9.995,8.804,8.673,8.753,8.808,8.622,8.692,8.819,9.769
Namibia,NAM,8.31,12.718,9.427,9.077,8.686,8.47,8.403,8.248,8.475,10.709
Nauru,NRU,7.833,8.238,7.13,6.933,6.76,6.65,6.566,6.48,6.602,6.633
Nepal,NPL,12.66,8.294,6.981,7.376,6.93,6.971,7.041,6.871,7.209,7.776
Netherlands,NLD,8.6,8.8,8.3,8.7,8.7,8.8,8.9,8.8,9.7,9.8
New Caledonia,NCL,5.4,5.1,5.2,5.4,5.8,5.7,5.7,6,5.7,7.2
New Zealand,NZL,7.89,6.91,6.87,6.85,6.61,6.92,6.78,6.87,6.41,6.83
Nicaragua,NIC,7.288,5.547,4.597,4.635,4.633,4.619,4.605,4.626,5.703,4.859
Niger,NER,24.067,17.431,9.016,8.799,8.512,8.239,8.061,7.824,8.281,8.141
Nigeria,NGA,18.631,17.464,13.892,13.803,13.638,13.435,13.239,12.989,12.997,13.083
North Macedonia,MKD,7.606,8.5,9.5,9.9,9.853364793,9.8,9.5,9.8,12.4,15.5
Northern Mariana Islands,MNP,..,..,4.3,..,..,..,..,4,..,..
Norway,NOR,10.9,9.8,7.9,7.8,7.8,7.7,7.7,7.6,7.5,7.8
Oman,OMN,4.541,3.156,2.243,2.205,2.154,2.155,2.172,2.205,3.025,3.796
Pakistan,PAK,10.731,8.77,7.274,7.097,7.036,6.89,6.843,6.765,7.06,7.168
Palau,PLW,7.7,6.5,9.5,7.7,9.9,10.3,7.8,10.2,8.4,10.2
Panama,PAN,5.374,4.768,4.856,4.875,4.904,4.947,5.013,5.12,5.747,6.067
Papua New Guinea,PNG,8.119,7.471,6.734,6.585,6.57,6.508,6.532,6.468,6.402,6.683
Paraguay,PRY,6.382,5.621,5.481,5.446,5.398,5.445,5.569,5.636,5.916,7.638
Peru,PER,7.243,5.782,6.612,6.438,6.318,6.173,6.103,6.006,7.327,7.988
Philippines,PHL,6.781,5.729,5.704,5.736,5.695,5.665,5.631,5.609,5.566,7.311
Poland,POL,10.2,9.6,9.9,10.4,10.2,10.6,10.9,10.8,12.6,13.8
Portugal,PRT,10.3,10.2,10.1,10.5,10.7,10.7,11,10.9,12,12.1
Puerto Rico,PRI,7.3,7.48,8.5,8.084,8.86,9.222,9.063,9.194,9.6,8.6
Qatar,QAT,2.241,2.278,1.102,1.032,0.991,0.985,0.982,0.991,1.219,1.311
Romania,ROU,10.6,11.4,12.8,13.2,13.1,13.4,13.6,13.4,15.5,17.5
Russian Federation,RUS,11.2,15.3,13.1,13,12.9,12.4,12.5,12.3,14.6,16.7
Rwanda,RWA,15.403,15.774,6.953,6.724,6.49,6.367,6.227,6.137,5.998,6.28
Samoa,WSM,5.95,5.138,5.285,5.281,5.29,5.29,5.297,5.5,5.305,5.343
San Marino,SMR,..,..,7.7,7.1,7.6,8.2,7.1,7.2,9.9,9.1
Sao Tome and Principe,STP,10.105,9.334,6.345,6.198,6.123,5.863,5.879,5.876,6.294,6.387
Saudi Arabia,SAU,4.849,3.482,2.488,2.542,2.605,2.64,2.655,2.656,2.913,2.864
Senegal,SEN,11.433,11.181,6.318,6.109,5.84,5.721,5.579,5.409,5.584,5.922
Serbia,SRB,10.988,13.8,14.2,14.6,14.3,14.8,14.6,14.6,16.9,20
Seychelles,SYC,7.7,6.8,7.9,7.5,7.9,7.8,8.4,8.1,6.8,9.3
Sierra Leone,SLE,21.34,19.794,11.219,10.712,10.046,9.88,9.308,9.065,9.296,9.113
Singapore,SGP,4.7,4.5,4.7,4.8,4.8,5,5,5,5.2,5.8
Sint Maarten (Dutch part),SXM,3.744,3.745,4.7,5.4,4.1,4.2,4,4.7,5.5,6.4
Slovak Republic,SVK,10.3,9.8,9.5,9.9,9.6,9.9,10,9.8,10.8,13.5
Slovenia,SVN,9.3,9.3,9.2,9.6,9.5,9.9,9.9,9.9,11.4,11
Solomon Islands,SLB,6.548,5.939,5.407,5.26,5.176,5.11,5.052,4.989,5.082,5.028
Somalia,SOM,18.009,15.778,12.81,12.447,12.275,11.891,11.444,11.041,11.39,11.596
South Africa,ZAF,8.031,10.174,9.432,9.259,8.924,8.802,8.765,8.614,9.425,11.432
South Sudan,SSD,34.067,18.587,11.493,11.072,11.01,11.01,10.584,10.531,10.759,11.05
Spain,ESP,8.6,8.9,8.5,9.1,8.8,9.1,9.1,8.8,10.4,9.5
Sri Lanka,LKA,5.923,8.101,6.979,6.98,6.896,7.029,7.037,7.072,7.056,7.36
St. Kitts and Nevis,KNA,12.211,9.249,9.612,9.763,9.372,9.443,9.83,9.91,10.036,10.181
St. Lucia,LCA,6.061,6.98,7.724,7.706,7.848,7.968,7.976,8.068,8.205,10.299
St. Martin (French part),MAF,2.748,3.63,3.862,4.257,4.345,4.747,4.176,4.661,4.788,4.911
St. Vincent and the Grenadines,VCT,5.904,7.056,7.858,8.105,8.385,8.592,8.906,10.1,11.038,13.425
Sudan,SDN,14.831,9.699,7.143,7.012,6.974,6.728,6.647,6.586,6.67,6.799
Suriname,SUR,7.567,7.801,7.646,7.215,6.941,6.672,6.753,7.06,7.036,8.667
Sweden,SWE,11.1,10.5,9.2,9.3,9.2,9.1,9.1,8.6,9.5,8.8
Switzerland,CHE,9.5,8.7,7.8,8.2,7.8,7.9,7.9,7.9,8.8,8.2
Syrian Arab Republic,SYR,4.784,4.413,8.072,7.297,6.999,6.033,5.554,5.033,4.99,5.117
Tajikistan,TJK,9.681,7.54,5.512,5.43,5.325,5.172,5.014,4.843,6.121,4.548
Tanzania,TZA,14.477,13.251,7.252,6.959,6.65,6.402,6.177,6.012,6.179,6.222
Thailand,THA,5.602,6.043,6.627,6.724,6.814,6.897,7.027,7.14,7.264,7.922
Timor-Leste,TLS,18.691,10.187,7.579,7.549,7.343,7.163,7.012,6.888,6.831,7.233
Togo,TGO,12.707,11.898,9.438,9.165,9.092,8.803,8.766,8.465,8.417,8.168
Tonga,TON,6.842,6.759,6.744,6.782,6.817,6.855,6.888,6.909,6.946,6.97
Trinidad and Tobago,TTO,6.694,6.98,6.739,6.797,7.134,7.386,7.783,7.701,7.9,9.131
Tunisia,TUN,5.5,4.773,5.715,5.811,5.883,5.974,6.04,6.145,6.752,7.884
Turkiye,TUR,6.841,5.616,5.046,5.125,5.234,5.129,5.065,5.084,6.378,6.398
Turkmenistan,TKM,8.257,6.949,6.567,6.53,6.574,6.537,6.639,6.583,6.836,6.585
Turks and Caicos Islands,TCA,6.216,4.463,6.559,6.833,7.083,7.328,7.651,8.458,8.823,9.241
Tuvalu,TUV,10.413,10.043,10.098,10.126,10.111,10.082,10.107,10.161,10.188,10.159
Uganda,UGA,18.094,15.297,6.99,6.648,6.368,6.169,5.939,5.823,5.852,5.877
Ukraine,UKR,12.1,15.4,14.7,14.9,14.7,14.5,14.8,14.7,15.9,18.5
United Arab Emirates,ARE,2.704,2.107,0.948,1.014,1.102,1.202,1.324,1.471,1.766,1.874
United Kingdom,GBR,11.2,10.3,8.8,9.2,9.1,9.2,9.2,9,10.1,9.7
United States,USA,8.6,8.5,8.237,8.44,8.493,8.638,8.678,8.7,10.3,10.4
Uruguay,URY,9.388,9.124,9.508,9.559,9.628,9.724,9.863,10.057,9.432,12.162
Uzbekistan,UZB,6.1,5.5,4.9,4.9,4.9,5,4.7,4.6,5.1,5
Vanuatu,VUT,6.635,5.512,6.048,6.001,5.921,5.829,5.739,5.663,5.487,5.395
"Venezuela, RB",VEN,4.753,4.964,5.971,5.996,6.574,6.735,6.864,7.017,7.575,8.124
Viet Nam,VNM,6.816,5.755,6.373,6.444,6.495,6.577,6.663,6.706,6.169,7.317
Virgin Islands (U.S.),VIR,4.625,6,7.1,7.3,7.5,7.7,7.9,8.2,8.4,8.6
West Bank and Gaza,PSE,6.72,4.5,3.829,3.304,3.302,3.26,3.317,3.225,3.489,3.815
"Yemen, Rep.",YEM,11.198,7.94,5.566,6.137,6.052,6.082,6.629,6.416,6.509,6.845
Zambia,ZMB,16.597,16.876,7.408,7.196,6.941,6.809,6.748,6.571,6.602,6.973
Zimbabwe,ZWE,8.747,16.801,9.123,8.774,8.441,8.266,7.972,8.043,8.132,9.057
Africa Eastern and Southern,AFE,15.60533876,13.77569809,8.47589915,8.239618841,7.973695543,7.773413042,7.588110411,7.434644049,7.620547762,8.03689904
Africa Western and Central,AFW,17.17330997,15.56200432,11.54479793,11.35247571,11.1136354,10.90901249,10.71183988,10.48874793,10.60129725,10.67895205
Arab World,ARB,8.371947226,6.325063724,5.519414541,5.451670485,5.40864974,5.253351701,5.226991814,5.198866421,5.6161084,5.750367447
Caribbean small states,CSS,7.146592469,7.087573627,6.764051782,6.9079676,7.086667113,7.206106325,7.350142606,7.485219839,7.67845113,8.940124352
Central Europe and the Baltics,CEB,11.17514335,11.00692336,11.37511582,11.8380896,11.61716306,11.97640243,12.11740032,11.98180006,13.7020455,15.39580823
Early-demographic dividend,EAR,9.701611073,7.976854756,6.614784512,6.538403848,6.489818772,6.452328992,6.447093314,6.463723087,7.155665404,8.302286528
East Asia & Pacific,EAS,6.877953825,6.65323421,7.164243821,7.153939233,7.164139661,7.203992934,7.222430756,7.253500392,7.383822612,7.818552995
East Asia & Pacific (excluding high income),EAP,6.955593451,6.641348463,7.048928063,7.023450641,7.017674654,7.044024798,7.050887784,7.070749214,7.224706364,7.654669016
East Asia & Pacific (IDA & IBRD countries),TEA,6.973728637,6.587662229,7.034745967,7.01016871,7.001375854,7.025922969,7.03018867,7.048374601,7.201770635,7.634130598
Euro area,EMU,10.02299565,9.626351833,9.504254302,10.09416287,9.869765343,10.14983668,10.16906117,10.07613073,11.15239867,11.11442837
Europe & Central Asia,ECS,10.14915129,10.69226587,9.837863998,10.11999981,9.963578322,10.00095139,10.02478288,9.902312738,11.27922955,11.85650082
Europe & Central Asia (excluding high income),ECA,9.837553773,11.74460397,10.16517032,10.12744171,10.03559373,9.790261228,9.790644327,9.666692739,11.33899665,12.51694653
Europe & Central Asia (IDA & IBRD countries),TEC,9.923028806,11.53300784,10.27660579,10.3107222,10.20299311,10.04157619,10.07222044,9.944197888,11.64061689,12.85862858
European Union,EUU,10.32622314,9.946367836,9.850477341,10.39666751,10.17769895,10.46153654,10.51073736,10.4025854,11.60260005,11.86123999
Fragile and conflict affected situations,FCS,15.16421484,13.30553535,9.875564961,9.71213092,9.551807383,9.355885424,9.198789024,9.046954038,9.269917482,9.577499012
Heavily indebted poor countries (HIPC),HPC,16.59271117,13.70972863,8.55539489,8.318840422,8.051934437,7.860106371,7.673998,7.502587552,7.710601522,7.878104057
High income,HIC,8.761356308,8.490477413,8.436019893,8.734991815,8.688259297,8.865417336,8.920754974,8.895937535,9.842708851,10.02065317
IBRD only,IBD,8.263863391,7.612171883,7.091676452,7.053025821,7.027006688,7.00882613,7.035734778,7.056049765,7.662162953,8.68272088
IDA & IBRD total,IBT,9.408237014,8.499315453,7.441303274,7.377350903,7.315303827,7.264121838,7.249091607,7.232958825,7.738403166,8.530238246
IDA blend,IDB,12.91816277,12.03916129,9.571940874,9.46124173,9.367445397,9.23369925,9.122496406,9.002520145,9.182422348,9.351677024
IDA only,IDX,14.49545228,11.48623883,7.940672726,7.771825729,7.55272393,7.386285092,7.227228716,7.098414668,7.339052281,7.505236506
IDA total,IDA,13.97697805,11.67041208,8.486892681,8.336732366,8.15810953,8.001174842,7.856855384,7.729742302,7.949210271,8.115565116
Late-demographic dividend,LTE,7.18526876,7.239479922,7.379673204,7.371972863,7.354460632,7.347904926,7.386040209,7.39015569,7.723241136,8.210189392
Latin America & Caribbean,LCN,6.833802369,6.06438789,6.16514939,6.262189154,6.417051284,6.455348966,6.527367317,6.570456235,7.76559302,8.42724723
Latin America & Caribbean (excluding high income),LAC,6.959956044,6.126519924,6.145347646,6.254229561,6.389532638,6.419568861,6.48668617,6.523968302,7.786063691,8.464602065
Latin America & the Caribbean (IDA & IBRD countries),TLA,6.829848536,6.026259872,6.09890278,6.197180892,6.347148744,6.380361927,6.452762702,6.495258065,7.711463056,8.315764875
Least developed countries: UN classification,LDC,15.60626419,12.11227065,8.056835757,7.886021577,7.658725653,7.488870229,7.322231202,7.197978438,7.418807754,7.602688508
Low & middle income,LMY,9.403409918,8.511462847,7.420206008,7.35043925,7.288623179,7.233666156,7.216494855,7.201715274,7.692592729,8.484168951
Low income,LIC,16.7509283,13.62696298,8.66828316,8.440182522,8.190702816,7.991289544,7.820727381,7.63891014,7.794945447,7.963382773
Lower middle income,LMC,10.74627321,9.080807153,7.298129137,7.203061732,7.112237929,7.052696892,7.037062616,7.039132705,7.477364554,8.651165556
Middle East & North Africa,MEA,7.26995398,5.51878446,5.00724811,4.956075156,4.898085709,4.778577604,4.773046379,4.793648541,5.285240173,5.545464867
Middle East & North Africa (excluding high income),MNA,7.559811593,5.758444335,5.412443816,5.346097652,5.276696267,5.132442407,5.12610322,5.142723122,5.652996788,5.942239892
Middle East & North Africa (IDA & IBRD countries),TMN,7.567134594,5.771532123,5.430470681,5.369421291,5.299349161,5.153987828,5.14709311,5.165153728,5.678535077,5.967587867
Middle income,MIC,8.867281389,8.089221384,7.291695696,7.236717635,7.193072419,7.152153902,7.150409841,7.153042522,7.680987184,8.544312796
North America,NAC,8.46993852,8.362609242,8.143091031,8.335712328,8.382994925,8.522828398,8.578337687,8.586936937,10.07349688,10.13176977
Not classified,INX,,,,,,,,,,
OECD members,OED,8.50018418,8.110877903,8.118701107,8.407549005,8.394519687,8.571859636,8.637636297,8.624970066,9.771910991,9.928379734
Other small states,OSS,10.51040245,10.89065724,8.068497159,7.805319879,7.54309259,7.346424636,7.318416712,7.213998301,7.443070819,8.342355896
Pacific island small states,PSS,6.470714996,6.124140683,6.485718321,6.601148753,6.514019457,6.416904873,6.417777704,6.462352259,6.492859709,6.757594472
Post-demographic dividend,PST,9.090709144,9.085379895,9.070837934,9.386681912,9.330400434,9.506059181,9.56743249,9.544992895,10.55742335,10.80311418
Pre-demographic dividend,PRE,16.91491955,14.49999586,9.820512735,9.61285993,9.389360072,9.16671431,8.958169416,8.77147621,8.92627655,9.059701397
Small states,SST,9.434847768,9.733924289,7.726252053,7.56571784,7.397080214,7.264564787,7.26943481,7.216556331,7.426873162,8.350502372
South Asia,SAS,10.82665504,8.570115975,6.783088979,6.66760464,6.584932305,6.544621211,6.559513084,6.596752783,7.166529662,8.737008747
South Asia (IDA & IBRD),TSA,10.82665504,8.570115975,6.783088979,6.66760464,6.584932305,6.544621211,6.559513084,6.596752783,7.166529662,8.737008747
Sub-Saharan Africa,SSF,16.23279174,14.49321963,9.719882911,9.500842351,9.245780917,9.044112351,8.853859133,8.671770425,8.827522848,9.106516443
Sub-Saharan Africa (excluding high income),SSA,16.23393989,14.49414964,9.720052322,9.501027673,9.245903897,9.04422444,8.853899338,8.671820199,8.827696261,9.106500182
Sub-Saharan Africa (IDA & IBRD countries),TSS,16.23279174,14.49321963,9.719882911,9.500842351,9.245780917,9.044112351,8.853859133,8.671770425,8.827522848,9.106516443
Upper middle income,UMC,7.227004396,7.145810972,7.284768165,7.273229366,7.281421972,7.261642155,7.276112677,7.280333556,7.910489242,8.422782394
World,WLD,9.261448602,8.493595208,7.581597023,7.571559187,7.513519291,7.495572864,7.489086944,7.471652072,8.033529094,8.724621138
